ISBN,Book-Title,Book-Author,Image-URL-S
0451524934,1984,George Orwell,http://images.amazon.com/images/P/0451524934.01.THUMBZZZ.jpg
0446610038,1St To Die: A Novel,James Patterson,http://images.amazon.com/images/P/0446610038.01.THUMBZZZ.jpg
0446612790,2Nd Chance,James Patterson,http://images.amazon.com/images/P/0446612790.01.THUMBZZZ.jpg
0451203895,4 Blondes,Candace Bushnell,http://images.amazon.com/images/P/0451203895.01.THUMBZZZ.jpg
0743224574,A Beautiful Mind: The Life Of Mathematical Genius And Nobel Laureate John Nash,Sylvia Nasar,http://images.amazon.com/images/P/0743224574.01.THUMBZZZ.jpg
0446611867,A Bend In The Road,Nicholas Sparks,http://images.amazon.com/images/P/0446611867.01.THUMBZZZ.jpg
0451183665,A Case Of Need,Michael Crichton,http://images.amazon.com/images/P/0451183665.01.THUMBZZZ.jpg
1558743669,"A Child Called \It\"": One Child'S Courage To Survive""",Dave Pelzer,http://images.amazon.com/images/P/1558743669.01.THUMBZZZ.jpg
0802130208,A Confederacy Of Dunces (Evergreen Book),John Kennedy Toole,http://images.amazon.com/images/P/0802130208.01.THUMBZZZ.jpg
140003065X,A Fine Balance,Rohinton Mistry,http://images.amazon.com/images/P/140003065X.01.THUMBZZZ.jpg
0375725784,A Heartbreaking Work Of Staggering Genius,Dave Eggers,http://images.amazon.com/images/P/0375725784.01.THUMBZZZ.jpg
0553279912,A Is For Alibi (Kinsey Millhone Mysteries (Paperback)),SUE GRAFTON,http://images.amazon.com/images/P/0553279912.01.THUMBZZZ.jpg
0375702709,A Lesson Before Dying (Vintage Contemporaries (Paperback)),Ernest J. Gaines,http://images.amazon.com/images/P/0375702709.01.THUMBZZZ.jpg
0385720106,A Map Of The World,Jane Hamilton,http://images.amazon.com/images/P/0385720106.01.THUMBZZZ.jpg
044023722X,A Painted House,John Grisham,http://images.amazon.com/images/P/044023722X.01.THUMBZZZ.jpg
0345361792,A Prayer For Owen Meany,John Irving,http://images.amazon.com/images/P/0345361792.01.THUMBZZZ.jpg
0553280414,A Separate Peace,John Knowles,http://images.amazon.com/images/P/0553280414.01.THUMBZZZ.jpg
0449907481,A Thousand Acres (Ballantine Reader'S Circle),JANE SMILEY,http://images.amazon.com/images/P/0449907481.01.THUMBZZZ.jpg
0440211727,A Time To Kill,JOHN GRISHAM,http://images.amazon.com/images/P/0440211727.01.THUMBZZZ.jpg
0375703063,A Virtuous Woman (Oprah'S Book Club (Paperback)),Kaye Gibbons,http://images.amazon.com/images/P/0375703063.01.THUMBZZZ.jpg
0767902521,A Walk In The Woods: Rediscovering America On The Appalachian Trail (Official Guides To The Appalachian Trail),Bill Bryson,http://images.amazon.com/images/P/0767902521.01.THUMBZZZ.jpg
0446608955,A Walk To Remember,Nicholas Sparks,http://images.amazon.com/images/P/0446608955.01.THUMBZZZ.jpg
0345424719,A Widow For One Year,JOHN IRVING,http://images.amazon.com/images/P/0345424719.01.THUMBZZZ.jpg
0440998050,A Wrinkle In Time,Madeleine L'Engle,http://images.amazon.com/images/P/0440998050.01.THUMBZZZ.jpg
0679731148,A Year In Provence,Peter Mayle,http://images.amazon.com/images/P/0679731148.01.THUMBZZZ.jpg
1573227331,About A Boy,Nick Hornby,http://images.amazon.com/images/P/1573227331.01.THUMBZZZ.jpg
1573229571,About A Boy (Movie Tie-In),Nick Hornby,http://images.amazon.com/images/P/1573229571.01.THUMBZZZ.jpg
0345402871,Airframe,Michael Crichton,http://images.amazon.com/images/P/0345402871.01.THUMBZZZ.jpg
0671793489,All Around The Town,Mary Higgins Clark,http://images.amazon.com/images/P/0671793489.01.THUMBZZZ.jpg
080410526X,All I Really Need To Know,ROBERT FULGHUM,http://images.amazon.com/images/P/080410526X.01.THUMBZZZ.jpg
0380718332,All That Remains (Kay Scarpetta Mysteries (Paperback)),Patricia D. Cornwell,http://images.amazon.com/images/P/0380718332.01.THUMBZZZ.jpg
0446364193,Along Came A Spider (Alex Cross Novels),James Patterson,http://images.amazon.com/images/P/0446364193.01.THUMBZZZ.jpg
0380789035,American Gods,Neil Gaiman,http://images.amazon.com/images/P/0380789035.01.THUMBZZZ.jpg
0679735771,American Psycho (Vintage Contemporaries),Bret Easton Ellis,http://images.amazon.com/images/P/0679735771.01.THUMBZZZ.jpg
0684874350,Angela'S Ashes,Frank McCourt,http://images.amazon.com/images/P/0684874350.01.THUMBZZZ.jpg
0684872153,Angela'S Ashes (Mmp) : A Memoir,Frank McCourt,http://images.amazon.com/images/P/0684872153.01.THUMBZZZ.jpg
068484267X,Angela'S Ashes: A Memoir,Frank McCourt,http://images.amazon.com/images/P/068484267X.01.THUMBZZZ.jpg
0671027360,Angels & Demons,Dan Brown,http://images.amazon.com/images/P/0671027360.01.THUMBZZZ.jpg
0064472272,"Angus, Thongs And Full-Frontal Snogging: Confessions Of Georgia Nicolson",Louise Rennison,http://images.amazon.com/images/P/0064472272.01.THUMBZZZ.jpg
0060921145,Animal Dreams,Barbara Kingsolver,http://images.amazon.com/images/P/0060921145.01.THUMBZZZ.jpg
0451526341,Animal Farm,George Orwell,http://images.amazon.com/images/P/0451526341.01.THUMBZZZ.jpg
0553296981,Anne Frank: The Diary Of A Young Girl,ANNE FRANK,http://images.amazon.com/images/P/0553296981.01.THUMBZZZ.jpg
055321313X,Anne Of Green Gables (Anne Of Green Gables Novels (Paperback)),L.M. MONTGOMERY,http://images.amazon.com/images/P/055321313X.01.THUMBZZZ.jpg
0786817070,"Artemis Fowl (Artemis Fowl, Book 1)",Eoin Colfer,http://images.amazon.com/images/P/0786817070.01.THUMBZZZ.jpg
0553579606,Ashes To Ashes,TAMI HOAG,http://images.amazon.com/images/P/0553579606.01.THUMBZZZ.jpg
014025448X,At Home In Mitford (The Mitford Years),Jan Karon,http://images.amazon.com/images/P/014025448X.01.THUMBZZZ.jpg
0451191145,Atlas Shrugged,Ayn Rand,http://images.amazon.com/images/P/0451191145.01.THUMBZZZ.jpg
038572179X,Atonement : A Novel,IAN MCEWAN,http://images.amazon.com/images/P/038572179X.01.THUMBZZZ.jpg
0385503954,Atonement: A Novel,Ian McEwan,http://images.amazon.com/images/P/0385503954.01.THUMBZZZ.jpg
0553280341,B Is For Burglar (Kinsey Millhone Mysteries (Paperback)),Sue Grafton,http://images.amazon.com/images/P/0553280341.01.THUMBZZZ.jpg
0451202341,Back Roads,Tawni O'Dell,http://images.amazon.com/images/P/0451202341.01.THUMBZZZ.jpg
0345446860,Back When We Were Grownups : A Novel (Ballantine Reader'S Circle),ANNE TYLER,http://images.amazon.com/images/P/0345446860.01.THUMBZZZ.jpg
067102423X,Bag Of Bones,Stephen King,http://images.amazon.com/images/P/067102423X.01.THUMBZZZ.jpg
0385722206,Balzac And The Little Chinese Seamstress : A Novel,DAI SIJIE,http://images.amazon.com/images/P/0385722206.01.THUMBZZZ.jpg
0452269571,Bastard Out Of Carolina,Dorothy Allison,http://images.amazon.com/images/P/0452269571.01.THUMBZZZ.jpg
0553574574,Beach Music,Pat Conroy,http://images.amazon.com/images/P/0553574574.01.THUMBZZZ.jpg
0385498802,Bee Season: A Novel,Myla Goldberg,http://images.amazon.com/images/P/0385498802.01.THUMBZZZ.jpg
0671004573,Before I Say Good-Bye,Mary Higgins Clark,http://images.amazon.com/images/P/0671004573.01.THUMBZZZ.jpg
0060934417,Bel Canto: A Novel,Ann Patchett,http://images.amazon.com/images/P/0060934417.01.THUMBZZZ.jpg
0452264464,Beloved (Plume Contemporary Fiction),Toni Morrison,http://images.amazon.com/images/P/0452264464.01.THUMBZZZ.jpg
0345438329,Big Stone Gap: A Novel (Ballantine Reader'S Circle),Adriana Trigiani,http://images.amazon.com/images/P/0345438329.01.THUMBZZZ.jpg
0440226104,Black And Blue,ANNA QUINDLEN,http://images.amazon.com/images/P/0440226104.01.THUMBZZZ.jpg
0345441036,Black House,Stephen King,http://images.amazon.com/images/P/0345441036.01.THUMBZZZ.jpg
0425175405,Black Notice,Patricia Daniels Cornwell,http://images.amazon.com/images/P/0425175405.01.THUMBZZZ.jpg
0385511612,Bleachers,John Grisham,http://images.amazon.com/images/P/0385511612.01.THUMBZZZ.jpg
0375502238,Blessings,ANNA QUINDLEN,http://images.amazon.com/images/P/0375502238.01.THUMBZZZ.jpg
0399150897,Blow Fly: A Scarpetta Novel,Patricia Cornwell,http://images.amazon.com/images/P/0399150897.01.THUMBZZZ.jpg
0060929871,Brave New World,Aldous Huxley,http://images.amazon.com/images/P/0060929871.01.THUMBZZZ.jpg
037570504X,"Breath, Eyes, Memory",Edwidge Danticat,http://images.amazon.com/images/P/037570504X.01.THUMBZZZ.jpg
0670892963,Bridget Jones : The Edge Of Reason,Helen Fielding,http://images.amazon.com/images/P/0670892963.01.THUMBZZZ.jpg
0670880728,Bridget Jones'S Diary,Helen Fielding,http://images.amazon.com/images/P/0670880728.01.THUMBZZZ.jpg
0140298479,Bridget Jones: The Edge Of Reason,Helen Fielding,http://images.amazon.com/images/P/0140298479.01.THUMBZZZ.jpg
0553280368,C Is For Corpse (Kinsey Millhone Mysteries (Paperback)),Sue Grafton,http://images.amazon.com/images/P/0553280368.01.THUMBZZZ.jpg
1559029838,Call Of The Wild,Jack London,http://images.amazon.com/images/P/1559029838.01.THUMBZZZ.jpg
0515130389,Carolina Moon,Nora Roberts,http://images.amazon.com/images/P/0515130389.01.THUMBZZZ.jpg
0446606189,Cat & Mouse (Alex Cross Novels),James Patterson,http://images.amazon.com/images/P/0446606189.01.THUMBZZZ.jpg
0684833395,Catch 22,Joseph Heller,http://images.amazon.com/images/P/0684833395.01.THUMBZZZ.jpg
0767905385,Catch Me If You Can: The True Story Of A Real Fake,Stan Redding,http://images.amazon.com/images/P/0767905385.01.THUMBZZZ.jpg
0425158616,Cause Of Death,Patricia Daniels Cornwell,http://images.amazon.com/images/P/0425158616.01.THUMBZZZ.jpg
0064400557,Charlotte'S Web (Trophy Newbery),E. B. White,http://images.amazon.com/images/P/0064400557.01.THUMBZZZ.jpg
038533334X,Charming Billy,Alice McDermott,http://images.amazon.com/images/P/038533334X.01.THUMBZZZ.jpg
155874262X,Chicken Soup For The Soul (Chicken Soup For The Soul),Jack Canfield,http://images.amazon.com/images/P/155874262X.01.THUMBZZZ.jpg
1558744630,Chicken Soup For The Teenage Soul (Chicken Soup For The Soul),Jack Canfield,http://images.amazon.com/images/P/1558744630.01.THUMBZZZ.jpg
1558744150,Chicken Soup For The Woman'S Soul (Chicken Soup For The Soul Series (Paper)),Jack Canfield,http://images.amazon.com/images/P/1558744150.01.THUMBZZZ.jpg
0552998486,Chocolat,Joanne Harris,http://images.amazon.com/images/P/0552998486.01.THUMBZZZ.jpg
0425182878,Chosen Prey,John Sandford,http://images.amazon.com/images/P/0425182878.01.THUMBZZZ.jpg
0440211263,Circle Of Friends,Maeve Binchy,http://images.amazon.com/images/P/0440211263.01.THUMBZZZ.jpg
0871136791,Cold Mountain,Charles Frazier,http://images.amazon.com/images/P/0871136791.01.THUMBZZZ.jpg
0375700757,Cold Mountain : A Novel,CHARLES FRAZIER,http://images.amazon.com/images/P/0375700757.01.THUMBZZZ.jpg
0385335482,Confessions Of A Shopaholic (Summer Display Opportunity),SOPHIE KINSELLA,http://images.amazon.com/images/P/0385335482.01.THUMBZZZ.jpg
0060987529,Confessions Of An Ugly Stepsister : A Novel,Gregory Maguire,http://images.amazon.com/images/P/0060987529.01.THUMBZZZ.jpg
0345378490,Congo,Michael Crichton,http://images.amazon.com/images/P/0345378490.01.THUMBZZZ.jpg
0671004107,Contact,Carl Sagan,http://images.amazon.com/images/P/0671004107.01.THUMBZZZ.jpg
0380977788,Coraline,Neil Gaiman,http://images.amazon.com/images/P/0380977788.01.THUMBZZZ.jpg
0446609404,Cradle And All,James Patterson,http://images.amazon.com/images/P/0446609404.01.THUMBZZZ.jpg
0380718340,Cruel & Unusual (Kay Scarpetta Mysteries (Paperback)),Patricia D. Cornwell,http://images.amazon.com/images/P/0380718340.01.THUMBZZZ.jpg
0553271636,D Is For Deadbeat (Kinsey Millhone Mysteries (Paperback)),Sue Grafton,http://images.amazon.com/images/P/0553271636.01.THUMBZZZ.jpg
0743206045,Daddy'S Little Girl,Mary Higgins Clark,http://images.amazon.com/images/P/0743206045.01.THUMBZZZ.jpg
0446394521,Daisy Fay And The Miracle Man,Fannie Flagg,http://images.amazon.com/images/P/0446394521.01.THUMBZZZ.jpg
0515131229,Dance Upon The Air (Three Sisters Island Trilogy),Nora Roberts,http://images.amazon.com/images/P/0515131229.01.THUMBZZZ.jpg
0060932759,Daughter Of Fortune,Isabel Allende,http://images.amazon.com/images/P/0060932759.01.THUMBZZZ.jpg
038082101X,Daughter Of Fortune: A Novel,Isabel Allende,http://images.amazon.com/images/P/038082101X.01.THUMBZZZ.jpg
0671027387,Deception Point,Dan Brown,http://images.amazon.com/images/P/0671027387.01.THUMBZZZ.jpg
0671011367,Deja Dead,Kathy Reichs,http://images.amazon.com/images/P/0671011367.01.THUMBZZZ.jpg
0385335830,Diary Of A Mad Bride (Summer Display Opportunity),Laura Wolf,http://images.amazon.com/images/P/0385335830.01.THUMBZZZ.jpg
0312995423,Digital Fortress : A Thriller,Dan Brown,http://images.amazon.com/images/P/0312995423.01.THUMBZZZ.jpg
0345391055,Disclosure,Michael Crichton,http://images.amazon.com/images/P/0345391055.01.THUMBZZZ.jpg
0060173289,Divine Secrets Of The Ya-Ya Sisterhood : A Novel,Rebecca Wells,http://images.amazon.com/images/P/0060173289.01.THUMBZZZ.jpg
0060928336,Divine Secrets Of The Ya-Ya Sisterhood: A Novel,Rebecca Wells,http://images.amazon.com/images/P/0060928336.01.THUMBZZZ.jpg
0451177096,Dolores Claiborne,Stephen King,http://images.amazon.com/images/P/0451177096.01.THUMBZZZ.jpg
0786881852,Don'T Sweat The Small Stuff And It'S All Small Stuff : Simple Ways To Keep The Little Things From Taking Over Your Life (Don'T Sweat The Small Stuff Series),Richard Carlson,http://images.amazon.com/images/P/0786881852.01.THUMBZZZ.jpg
0440215625,Dragonfly In Amber,DIANA GABALDON,http://images.amazon.com/images/P/0440215625.01.THUMBZZZ.jpg
0743467523,Dreamcatcher,Stephen King,http://images.amazon.com/images/P/0743467523.01.THUMBZZZ.jpg
0345439104,Drowning Ruth (Oprah'S Book Club),CHRISTINA SCHWARZ,http://images.amazon.com/images/P/0345439104.01.THUMBZZZ.jpg
0446532231,"Dude, Where'S My Country?",Michael Moore,http://images.amazon.com/images/P/0446532231.01.THUMBZZZ.jpg
0441172717,Dune (Remembering Tomorrow),Frank Herbert,http://images.amazon.com/images/P/0441172717.01.THUMBZZZ.jpg
0553582526,Dust To Dust,TAMI HOAG,http://images.amazon.com/images/P/0553582526.01.THUMBZZZ.jpg
0553279556,E Is For Evidence: A Kinsey Millhone Mystery (Kinsey Millhone Mysteries (Paperback)),Sue Grafton,http://images.amazon.com/images/P/0553279556.01.THUMBZZZ.jpg
0142004235,East Of Eden (Oprah'S Book Club),John Steinbeck,http://images.amazon.com/images/P/0142004235.01.THUMBZZZ.jpg
1592400876,"Eats, Shoots & Leaves: The Zero Tolerance Approach To Punctuation",Lynne Truss,http://images.amazon.com/images/P/1592400876.01.THUMBZZZ.jpg
0446670111,Einstein'S Dreams,Alan Lightman,http://images.amazon.com/images/P/0446670111.01.THUMBZZZ.jpg
0375703055,Ellen Foster,Kaye Gibbons,http://images.amazon.com/images/P/0375703055.01.THUMBZZZ.jpg
0375726403,Empire Falls,Richard Russo,http://images.amazon.com/images/P/0375726403.01.THUMBZZZ.jpg
0812550706,Ender'S Game (Ender Wiggins Saga (Paperback)),Orson Scott Card,http://images.amazon.com/images/P/0812550706.01.THUMBZZZ.jpg
0446611808,Envy,Sandra Brown,http://images.amazon.com/images/P/0446611808.01.THUMBZZZ.jpg
0440223202,Evening Class,Maeve Binchy,http://images.amazon.com/images/P/0440223202.01.THUMBZZZ.jpg
0743457358,Everything'S Eventual : 14 Dark Tales,Stephen King,http://images.amazon.com/images/P/0743457358.01.THUMBZZZ.jpg
0553284789,F Is For Fugitive (Kinsey Millhone Mysteries (Paperback)),Sue Grafton,http://images.amazon.com/images/P/0553284789.01.THUMBZZZ.jpg
051513287X,Face The Fire (Three Sisters Island Trilogy),Nora Roberts,http://images.amazon.com/images/P/051513287X.01.THUMBZZZ.jpg
0345342968,Fahrenheit 451,RAY BRADBURY,http://images.amazon.com/images/P/0345342968.01.THUMBZZZ.jpg
0743237188,Fall On Your Knees (Oprah #45),Ann-Marie MacDonald,http://images.amazon.com/images/P/0743237188.01.THUMBZZZ.jpg
0452283205,Falling Angels,Tracy Chevalier,http://images.amazon.com/images/P/0452283205.01.THUMBZZZ.jpg
0553580221,False Memory,Dean R. Koontz,http://images.amazon.com/images/P/0553580221.01.THUMBZZZ.jpg
0060938455,Fast Food Nation: The Dark Side Of The All-American Meal,Eric Schlosser,http://images.amazon.com/images/P/0060938455.01.THUMBZZZ.jpg
0312980159,Fast Women,Jennifer Crusie,http://images.amazon.com/images/P/0312980159.01.THUMBZZZ.jpg
0671028375,Fatal Voyage,Kathy Reichs,http://images.amazon.com/images/P/0671028375.01.THUMBZZZ.jpg
0553579754,Fear Nothing,DEAN KOONTZ,http://images.amazon.com/images/P/0553579754.01.THUMBZZZ.jpg
0805062971,Fight Club,Chuck Palahniuk,http://images.amazon.com/images/P/0805062971.01.THUMBZZZ.jpg
0553582135,Final Target,Iris Johansen,http://images.amazon.com/images/P/0553582135.01.THUMBZZZ.jpg
0060958022,Five Quarters Of The Orange,Joanne Harris,http://images.amazon.com/images/P/0060958022.01.THUMBZZZ.jpg
034541389X,Flesh And Blood,Jonathan Kellerman,http://images.amazon.com/images/P/034541389X.01.THUMBZZZ.jpg
0671894455,Forrest Gump (Movie Tie In),Winston Groom,http://images.amazon.com/images/P/0671894455.01.THUMBZZZ.jpg
0316693006,Four Blind Mice,James Patterson,http://images.amazon.com/images/P/0316693006.01.THUMBZZZ.jpg
080213825X,Four Blondes,Candace Bushnell,http://images.amazon.com/images/P/080213825X.01.THUMBZZZ.jpg
0312966970,Four To Score (A Stephanie Plum Novel),Janet Evanovich,http://images.amazon.com/images/P/0312966970.01.THUMBZZZ.jpg
1844262553,Free,Paul Vincent,http://images.amazon.com/images/P/1844262553.01.THUMBZZZ.jpg
0070212570,Fried Green Tomatoes At The Whistle Stop Cafe,Fannie Flagg,http://images.amazon.com/images/P/0070212570.01.THUMBZZZ.jpg
0743211375,From A Buick 8 : A Novel,Stephen King,http://images.amazon.com/images/P/0743211375.01.THUMBZZZ.jpg
0425154092,From Potter'S Field,Patricia Daniels Cornwell,http://images.amazon.com/images/P/0425154092.01.THUMBZZZ.jpg
0553582747,From The Corner Of His Eye,Dean Koontz,http://images.amazon.com/images/P/0553582747.01.THUMBZZZ.jpg
0312983271,Full House (Janet Evanovich'S Full Series),Janet Evanovich,http://images.amazon.com/images/P/0312983271.01.THUMBZZZ.jpg
031298328X,Full Tilt (Janet Evanovich'S Full Series),Janet Evanovich,http://images.amazon.com/images/P/031298328X.01.THUMBZZZ.jpg
0449219364,G Is For Gumshoe (Kinsey Millhone Mysteries (Paperback)),Sue Grafton,http://images.amazon.com/images/P/0449219364.01.THUMBZZZ.jpg
0743203631,Gap Creek: The Story Of A Marriage,Robert Morgan,http://images.amazon.com/images/P/0743203631.01.THUMBZZZ.jpg
0451176464,Gerald'S Game,Stephen King,http://images.amazon.com/images/P/0451176464.01.THUMBZZZ.jpg
014029628X,Girl In Hyacinth Blue,Susan Vreeland,http://images.amazon.com/images/P/014029628X.01.THUMBZZZ.jpg
0452282152,Girl With A Pearl Earring,Tracy Chevalier,http://images.amazon.com/images/P/0452282152.01.THUMBZZZ.jpg
0679746048,"Girl, Interrupted",SUSANNA KAYSEN,http://images.amazon.com/images/P/0679746048.01.THUMBZZZ.jpg
0689817851,Go Ask Alice,Anonymous,http://images.amazon.com/images/P/0689817851.01.THUMBZZZ.jpg
0743418174,Good In Bed,Jennifer Weiner,http://images.amazon.com/images/P/0743418174.01.THUMBZZZ.jpg
0441003257,Good Omens,Neil Gaiman,http://images.amazon.com/images/P/0441003257.01.THUMBZZZ.jpg
0441304834,Guilty Pleasures (Anita Blake Vampire Hunter (Paperback)),Laurell K. Hamilton,http://images.amazon.com/images/P/0441304834.01.THUMBZZZ.jpg
0449219461,H Is For Homicide (Kinsey Millhone Mysteries (Paperback)),Sue Grafton,http://images.amazon.com/images/P/0449219461.01.THUMBZZZ.jpg
0440224675,Hannibal,Thomas Harris,http://images.amazon.com/images/P/0440224675.01.THUMBZZZ.jpg
0312983867,Hard Eight : A Stephanie Plum Novel (A Stephanie Plum Novel),Janet Evanovich,http://images.amazon.com/images/P/0312983867.01.THUMBZZZ.jpg
0439064872,Harry Potter And The Chamber Of Secrets (Book 2),J. K. Rowling,http://images.amazon.com/images/P/0439064872.01.THUMBZZZ.jpg
0439139600,Harry Potter And The Goblet Of Fire (Book 4),J. K. Rowling,http://images.amazon.com/images/P/0439139600.01.THUMBZZZ.jpg
043935806X,Harry Potter And The Order Of The Phoenix (Book 5),J. K. Rowling,http://images.amazon.com/images/P/043935806X.01.THUMBZZZ.jpg
0439136369,Harry Potter And The Prisoner Of Azkaban (Book 3),J. K. Rowling,http://images.amazon.com/images/P/0439136369.01.THUMBZZZ.jpg
0590353403,Harry Potter And The Sorcerer'S Stone (Book 1),J. K. Rowling,http://images.amazon.com/images/P/0590353403.01.THUMBZZZ.jpg
059035342X,Harry Potter And The Sorcerer'S Stone (Harry Potter (Paperback)),J. K. Rowling,http://images.amazon.com/images/P/059035342X.01.THUMBZZZ.jpg
0515128554,Heart Of The Sea (Irish Trilogy),Nora Roberts,http://images.amazon.com/images/P/0515128554.01.THUMBZZZ.jpg
0743436210,Hearts In Atlantis,Stephen King,http://images.amazon.com/images/P/0743436210.01.THUMBZZZ.jpg
0684853515,Hearts In Atlantis : New Fiction,Stephen King,http://images.amazon.com/images/P/0684853515.01.THUMBZZZ.jpg
0515132020,Heaven And Earth (Three Sisters Island Trilogy),Nora Roberts,http://images.amazon.com/images/P/0515132020.01.THUMBZZZ.jpg
0425167313,Here On Earth,Alice Hoffman,http://images.amazon.com/images/P/0425167313.01.THUMBZZZ.jpg
1573225517,High Fidelity,Nick Hornby,http://images.amazon.com/images/P/1573225517.01.THUMBZZZ.jpg
0312971346,High Five (A Stephanie Plum Novel),Janet Evanovich,http://images.amazon.com/images/P/0312971346.01.THUMBZZZ.jpg
0440414806,Holes (Yearling Newbery),LOUIS SACHAR,http://images.amazon.com/images/P/0440414806.01.THUMBZZZ.jpg
042516098X,Hornet'S Nest,Patricia Daniels Cornwell,http://images.amazon.com/images/P/042516098X.01.THUMBZZZ.jpg
0312976275,Hot Six : A Stephanie Plum Novel (A Stephanie Plum Novel),Janet Evanovich,http://images.amazon.com/images/P/0312976275.01.THUMBZZZ.jpg
0375727345,House Of Sand And Fog,Andre Dubus III,http://images.amazon.com/images/P/0375727345.01.THUMBZZZ.jpg
1573229326,How To Be Good,Nick Hornby,http://images.amazon.com/images/P/1573229326.01.THUMBZZZ.jpg
0449221512,I Is For Innocent,Sue Grafton,http://images.amazon.com/images/P/0449221512.01.THUMBZZZ.jpg
0060987561,I Know This Much Is True,Wally Lamb,http://images.amazon.com/images/P/0060987561.01.THUMBZZZ.jpg
0060391626,I Know This Much Is True (Oprah'S Book Club),Wally Lamb,http://images.amazon.com/images/P/0060391626.01.THUMBZZZ.jpg
0553279378,I Know Why The Caged Bird Sings,MAYA ANGELOU,http://images.amazon.com/images/P/0553279378.01.THUMBZZZ.jpg
0142000205,Icy Sparks,Gwyn Hyman Rubio,http://images.amazon.com/images/P/0142000205.01.THUMBZZZ.jpg
0743418204,In Her Shoes : A Novel,Jennifer Weiner,http://images.amazon.com/images/P/0743418204.01.THUMBZZZ.jpg
0451184963,Insomnia,Stephen King,http://images.amazon.com/images/P/0451184963.01.THUMBZZZ.jpg
0345384369,Intensity,DEAN KOONTZ,http://images.amazon.com/images/P/0345384369.01.THUMBZZZ.jpg
039592720X,Interpreter Of Maladies,Jhumpa Lahiri,http://images.amazon.com/images/P/039592720X.01.THUMBZZZ.jpg
0345337662,Interview With The Vampire,Anne Rice,http://images.amazon.com/images/P/0345337662.01.THUMBZZZ.jpg
0385486804,Into The Wild,Jon Krakauer,http://images.amazon.com/images/P/0385486804.01.THUMBZZZ.jpg
0385492081,Into Thin Air : A Personal Account Of The Mt. Everest Disaster,JON KRAKAUER,http://images.amazon.com/images/P/0385492081.01.THUMBZZZ.jpg
0553375407,Ishmael: An Adventure Of The Mind And Spirit,Daniel Quinn,http://images.amazon.com/images/P/0553375407.01.THUMBZZZ.jpg
0425182908,Isle Of Dogs,Patricia Cornwell,http://images.amazon.com/images/P/0425182908.01.THUMBZZZ.jpg
0449221482,J Is For Judgment,Sue Grafton,http://images.amazon.com/images/P/0449221482.01.THUMBZZZ.jpg
0446604801,Jack & Jill (Alex Cross Novels),James Patterson,http://images.amazon.com/images/P/0446604801.01.THUMBZZZ.jpg
0767905180,Jemima J: A Novel About Ugly Ducklings And Swans,Jane Green,http://images.amazon.com/images/P/0767905180.01.THUMBZZZ.jpg
0671038184,Jewel,Bret Lott,http://images.amazon.com/images/P/0671038184.01.THUMBZZZ.jpg
0515126772,Jewels Of The Sun (Irish Trilogy),Nora Roberts,http://images.amazon.com/images/P/0515126772.01.THUMBZZZ.jpg
0380012863,Jonathan Livingston Seagull,Richard Bach,http://images.amazon.com/images/P/0380012863.01.THUMBZZZ.jpg
0345370775,Jurassic Park,Michael Crichton,http://images.amazon.com/images/P/0345370775.01.THUMBZZZ.jpg
0515136379,Key Of Knowledge (Key Trilogy (Paperback)),Nora Roberts,http://images.amazon.com/images/P/0515136379.01.THUMBZZZ.jpg
051513628X,Key Of Light (Key Trilogy (Paperback)),Nora Roberts,http://images.amazon.com/images/P/051513628X.01.THUMBZZZ.jpg
0515136530,"Key Of Valor (Roberts, Nora. Key Trilogy, 3.)",Nora Roberts,http://images.amazon.com/images/P/0515136530.01.THUMBZZZ.jpg
0446601241,Kiss The Girls,James Patterson,http://images.amazon.com/images/P/0446601241.01.THUMBZZZ.jpg
0380813815,"Lamb : The Gospel According To Biff, Christ'S Childhood Pal",Christopher Moore,http://images.amazon.com/images/P/0380813815.01.THUMBZZZ.jpg
0842329129,Left Behind: A Novel Of The Earth'S Last Days (Left Behind No. 1),Tim Lahaye,http://images.amazon.com/images/P/0842329129.01.THUMBZZZ.jpg
0525947647,Lies And The Lying Liars Who Tell Them: A Fair And Balanced Look At The Right,Al Franken,http://images.amazon.com/images/P/0525947647.01.THUMBZZZ.jpg
0156027321,Life Of Pi,Yann Martel,http://images.amazon.com/images/P/0156027321.01.THUMBZZZ.jpg
038542017X,"Like Water For Chocolate : A Novel In Monthly Installments With Recipes, Romances, And Home Remedies",LAURA ESQUIVEL,http://images.amazon.com/images/P/038542017X.01.THUMBZZZ.jpg
0385474016,"Like Water For Chocolate: A Novel In Monthly Installments With Recipes, Romances And Home Remedies",Laura Esquivel,http://images.amazon.com/images/P/0385474016.01.THUMBZZZ.jpg
0385420161,"Like Water For Chocolate: A Novel In Monthly Installments, With Recipes, Romances, And Home Remedies",Laura Esquivel,http://images.amazon.com/images/P/0385420161.01.THUMBZZZ.jpg
0060976845,Little Altars Everywhere: A Novel,Rebecca Wells,http://images.amazon.com/images/P/0060976845.01.THUMBZZZ.jpg
0679723161,Lolita (Vintage International),VLADIMIR NABOKOV,http://images.amazon.com/images/P/0679723161.01.THUMBZZZ.jpg
0399501487,Lord Of The Flies,William Gerald Golding,http://images.amazon.com/images/P/0399501487.01.THUMBZZZ.jpg
0140119906,Love In The Time Of Cholera (Penguin Great Books Of The 20Th Century),Gabriel Garcia Marquez,http://images.amazon.com/images/P/0140119906.01.THUMBZZZ.jpg
0671758896,"Loves Music, Loves To Dance",Mary Higgins Clark,http://images.amazon.com/images/P/0671758896.01.THUMBZZZ.jpg
0316096199,Lucky : A Memoir,Alice Sebold,http://images.amazon.com/images/P/0316096199.01.THUMBZZZ.jpg
0786867647,Lucky Man: A Memoir,Michael J. Fox,http://images.amazon.com/images/P/0786867647.01.THUMBZZZ.jpg
0449006522,Manhattan Hunt Club,JOHN SAUL,http://images.amazon.com/images/P/0449006522.01.THUMBZZZ.jpg
0316777722,Me Talk Pretty One Day,David Sedaris,http://images.amazon.com/images/P/0316777722.01.THUMBZZZ.jpg
0099771519,Memoirs Of A Geisha Uk,Arthur Golden,http://images.amazon.com/images/P/0099771519.01.THUMBZZZ.jpg
006016848X,"Men Are From Mars, Women Are From Venus: A Practical Guide For Improving Communication And Getting What You Want In Your Relationships",John Gray,http://images.amazon.com/images/P/006016848X.01.THUMBZZZ.jpg
0446606812,Message In A Bottle,Nicholas Sparks,http://images.amazon.com/images/P/0446606812.01.THUMBZZZ.jpg
0312422156,Middlesex: A Novel,Jeffrey Eugenides,http://images.amazon.com/images/P/0312422156.01.THUMBZZZ.jpg
0515133973,Midnight Bayou,Nora Roberts,http://images.amazon.com/images/P/0515133973.01.THUMBZZZ.jpg
0679751521,Midnight In The Garden Of Good And Evil,John Berendt,http://images.amazon.com/images/P/0679751521.01.THUMBZZZ.jpg
0679429220,Midnight In The Garden Of Good And Evil: A Savannah Story,John Berendt,http://images.amazon.com/images/P/0679429220.01.THUMBZZZ.jpg
0375706771,Midwives: A Novel,Chris Bohjalian,http://images.amazon.com/images/P/0375706771.01.THUMBZZZ.jpg
0688177751,Miss Julia Speaks Her Mind : A Novel,Ann B. Ross,http://images.amazon.com/images/P/0688177751.01.THUMBZZZ.jpg
0671867113,Moonlight Becomes You,Mary Higgins Clark,http://images.amazon.com/images/P/0671867113.01.THUMBZZZ.jpg
0156628708,Mrs Dalloway,Virginia Woolf,http://images.amazon.com/images/P/0156628708.01.THUMBZZZ.jpg
0380731851,Mystic River,Dennis Lehane,http://images.amazon.com/images/P/0380731851.01.THUMBZZZ.jpg
0316777730,Naked,David Sedaris,http://images.amazon.com/images/P/0316777730.01.THUMBZZZ.jpg
0451172817,Needful Things,Stephen King,http://images.amazon.com/images/P/0451172817.01.THUMBZZZ.jpg
0441569595,Neuromancer (Remembering Tomorrow),William Gibson,http://images.amazon.com/images/P/0441569595.01.THUMBZZZ.jpg
0380789019,Neverwhere,Neil Gaiman,http://images.amazon.com/images/P/0380789019.01.THUMBZZZ.jpg
0805063897,Nickel And Dimed: On (Not) Getting By In America,Barbara Ehrenreich,http://images.amazon.com/images/P/0805063897.01.THUMBZZZ.jpg
0842329242,Nicolae: The Rise Of Antichrist (Left Behind No. 3),Tim F. Lahaye,http://images.amazon.com/images/P/0842329242.01.THUMBZZZ.jpg
0553272535,Night,Elie Wiesel,http://images.amazon.com/images/P/0553272535.01.THUMBZZZ.jpg
055356451X,Night Sins,TAMI HOAG,http://images.amazon.com/images/P/055356451X.01.THUMBZZZ.jpg
0446531332,Nights In Rodanthe,Nicholas Sparks,http://images.amazon.com/images/P/0446531332.01.THUMBZZZ.jpg
0380727501,Notes From A Small Island,Bill Bryson,http://images.amazon.com/images/P/0380727501.01.THUMBZZZ.jpg
0140177396,Of Mice And Men (Penguin Great Books Of The 20Th Century),John Steinbeck,http://images.amazon.com/images/P/0140177396.01.THUMBZZZ.jpg
0671004530,On The Street Where You Live,Mary Higgins Clark,http://images.amazon.com/images/P/0671004530.01.THUMBZZZ.jpg
0553582755,One Door Away From Heaven,Dean R. Koontz,http://images.amazon.com/images/P/0553582755.01.THUMBZZZ.jpg
0451163966,One Flew Over The Cuckoo'S Nest,Ken Kesey,http://images.amazon.com/images/P/0451163966.01.THUMBZZZ.jpg
0312990456,One For The Money (A Stephanie Plum Novel),Janet Evanovich,http://images.amazon.com/images/P/0312990456.01.THUMBZZZ.jpg
0061009059,One For The Money (Stephanie Plum Novels (Paperback)),Janet Evanovich,http://images.amazon.com/images/P/0061009059.01.THUMBZZZ.jpg
044022103X,One True Thing,Anna Quindlen,http://images.amazon.com/images/P/044022103X.01.THUMBZZZ.jpg
0375506039,Open House,Elizabeth Berg,http://images.amazon.com/images/P/0375506039.01.THUMBZZZ.jpg
0345435168,Open House (Oprah'S Book Club (Paperback)),Elizabeth Berg,http://images.amazon.com/images/P/0345435168.01.THUMBZZZ.jpg
0440212561,Outlander,DIANA GABALDON,http://images.amazon.com/images/P/0440212561.01.THUMBZZZ.jpg
0449003795,P Is For Peril,Sue Grafton,http://images.amazon.com/images/P/0449003795.01.THUMBZZZ.jpg
0743412028,Pay It Forward,Catherine Ryan Hyde,http://images.amazon.com/images/P/0743412028.01.THUMBZZZ.jpg
0060922532,Pigs In Heaven,Barbara Kingsolver,http://images.amazon.com/images/P/0060922532.01.THUMBZZZ.jpg
0375705856,Plainsong (Vintage Contemporaries),KENT HARUF,http://images.amazon.com/images/P/0375705856.01.THUMBZZZ.jpg
0425169863,Point Of Origin,Patricia Daniels Cornwell,http://images.amazon.com/images/P/0425169863.01.THUMBZZZ.jpg
002542730X,Politically Correct Bedtime Stories: Modern Tales For Our Life And Times,James Finn Garner,http://images.amazon.com/images/P/002542730X.01.THUMBZZZ.jpg
0446608815,Pop Goes The Weasel,James Patterson,http://images.amazon.com/images/P/0446608815.01.THUMBZZZ.jpg
0380710218,Postmortem,Patricia Daniels Cornwell,http://images.amazon.com/images/P/0380710218.01.THUMBZZZ.jpg
0446359866,Presumed Innocent,Scott Turow,http://images.amazon.com/images/P/0446359866.01.THUMBZZZ.jpg
0671867156,Pretend You Don'T See Her,Mary Higgins Clark,http://images.amazon.com/images/P/0671867156.01.THUMBZZZ.jpg
0061015725,Prey,Michael Crichton,http://images.amazon.com/images/P/0061015725.01.THUMBZZZ.jpg
0066214122,Prey: A Novel,Michael Crichton,http://images.amazon.com/images/P/0066214122.01.THUMBZZZ.jpg
0060199652,Prodigal Summer,Barbara Kingsolver,http://images.amazon.com/images/P/0060199652.01.THUMBZZZ.jpg
0060959037,Prodigal Summer: A Novel,Barbara Kingsolver,http://images.amazon.com/images/P/0060959037.01.THUMBZZZ.jpg
0425192725,Q Is For Quarry,Sue Grafton,http://images.amazon.com/images/P/0425192725.01.THUMBZZZ.jpg
0440206154,Red Dragon,Thomas Harris,http://images.amazon.com/images/P/0440206154.01.THUMBZZZ.jpg
0345380371,Rising Sun,MICHAEL CRICHTON,http://images.amazon.com/images/P/0345380371.01.THUMBZZZ.jpg
0316899984,"River, Cross My Heart",Breena Clarke,http://images.amazon.com/images/P/0316899984.01.THUMBZZZ.jpg
0446605484,Roses Are Red (Alex Cross Novels),James Patterson,http://images.amazon.com/images/P/0446605484.01.THUMBZZZ.jpg
031242227X,Running With Scissors: A Memoir,Augusten Burroughs,http://images.amazon.com/images/P/031242227X.01.THUMBZZZ.jpg
0451203771,Scarlet Feather,Maeve Binchy,http://images.amazon.com/images/P/0451203771.01.THUMBZZZ.jpg
0345465083,Seabiscuit,LAURA HILLENBRAND,http://images.amazon.com/images/P/0345465083.01.THUMBZZZ.jpg
0449005615,Seabiscuit: An American Legend,LAURA HILLENBRAND,http://images.amazon.com/images/P/0449005615.01.THUMBZZZ.jpg
0804111359,Secret History,DONNA TARTT,http://images.amazon.com/images/P/0804111359.01.THUMBZZZ.jpg
0671708635,Seven Habits Of Highly Effective People,Stephen R. Covey,http://images.amazon.com/images/P/0671708635.01.THUMBZZZ.jpg
0312980140,Seven Up (A Stephanie Plum Novel),Janet Evanovich,http://images.amazon.com/images/P/0312980140.01.THUMBZZZ.jpg
0671003755,She'S Come Undone (Oprah'S Book Club (Paperback)),Wally Lamb,http://images.amazon.com/images/P/0671003755.01.THUMBZZZ.jpg
0671021001,She'S Come Undone (Oprah'S Book Club),Wally Lamb,http://images.amazon.com/images/P/0671021001.01.THUMBZZZ.jpg
0671510053,Shipping News,Annie Proulx,http://images.amazon.com/images/P/0671510053.01.THUMBZZZ.jpg
0385335881,Shopaholic Takes Manhattan (Summer Display Opportunity),Sophie Kinsella,http://images.amazon.com/images/P/0385335881.01.THUMBZZZ.jpg
0385336179,Shopaholic Ties The Knot,Sophie Kinsella,http://images.amazon.com/images/P/0385336179.01.THUMBZZZ.jpg
0786885688,Shopgirl,Steve Martin,http://images.amazon.com/images/P/0786885688.01.THUMBZZZ.jpg
0446604666,Sick Puppy,Carl Hiaasen,http://images.amazon.com/images/P/0446604666.01.THUMBZZZ.jpg
0553208845,Siddhartha,Hermann Hesse,http://images.amazon.com/images/P/0553208845.01.THUMBZZZ.jpg
0312924585,Silence Of The Lambs,Thomas Harris,http://images.amazon.com/images/P/0312924585.01.THUMBZZZ.jpg
0385730586,Sisterhood Of The Traveling Pants,ANN BRASHARES,http://images.amazon.com/images/P/0385730586.01.THUMBZZZ.jpg
0385505833,Skipping Christmas,JOHN GRISHAM,http://images.amazon.com/images/P/0385505833.01.THUMBZZZ.jpg
0440180295,Slaughterhouse Five Or The Children'S Crusade: A Duty Dance With Death,Kurt Vonnegut,http://images.amazon.com/images/P/0440180295.01.THUMBZZZ.jpg
0446516538,Slow Waltz In Cedar Bend,Robert James Waller,http://images.amazon.com/images/P/0446516538.01.THUMBZZZ.jpg
067976402X,Snow Falling On Cedars,David Guterson,http://images.amazon.com/images/P/067976402X.01.THUMBZZZ.jpg
0452260116,Song Of Solomon (Oprah'S Book Club (Paperback)),Toni Morrison,http://images.amazon.com/images/P/0452260116.01.THUMBZZZ.jpg
0140244824,Songs In Ordinary Time (Oprah'S Book Club (Paperback)),Mary McGarry Morris,http://images.amazon.com/images/P/0140244824.01.THUMBZZZ.jpg
0425152251,Sophie'S World: A Novel About The History Of Philosophy,Jostein Gaarder,http://images.amazon.com/images/P/0425152251.01.THUMBZZZ.jpg
0425172546,Southern Cross,Patricia Daniels Cornwell,http://images.amazon.com/images/P/0425172546.01.THUMBZZZ.jpg
0345353145,Sphere,MICHAEL CRICHTON,http://images.amazon.com/images/P/0345353145.01.THUMBZZZ.jpg
068484477X,Stones From The River,Ursula Hegi,http://images.amazon.com/images/P/068484477X.01.THUMBZZZ.jpg
0441790348,Stranger In A Strange Land (Remembering Tomorrow),Robert A. Heinlein,http://images.amazon.com/images/P/0441790348.01.THUMBZZZ.jpg
0060392452,Stupid White Men ...And Other Sorry Excuses For The State Of The Nation!,Michael Moore,http://images.amazon.com/images/P/0060392452.01.THUMBZZZ.jpg
0440226430,Summer Sisters,Judy Blume,http://images.amazon.com/images/P/0440226430.01.THUMBZZZ.jpg
0446679593,Suzanne'S Diary For Nicholas,James Patterson,http://images.amazon.com/images/P/0446679593.01.THUMBZZZ.jpg
0440235596,Tara Road,Maeve Binchy,http://images.amazon.com/images/P/0440235596.01.THUMBZZZ.jpg
1400031354,Tears Of The Giraffe (No.1 Ladies Detective Agency),Alexander McCall Smith,http://images.amazon.com/images/P/1400031354.01.THUMBZZZ.jpg
0515128546,Tears Of The Moon (Irish Trilogy),Nora Roberts,http://images.amazon.com/images/P/0515128546.01.THUMBZZZ.jpg
0440236703,Tell No One,Harlan Coben,http://images.amazon.com/images/P/0440236703.01.THUMBZZZ.jpg
0062502182,The Alchemist: A Fable About Following Your Dream,Paulo Coelho,http://images.amazon.com/images/P/0062502182.01.THUMBZZZ.jpg
0553572997,The Alienist,Caleb Carr,http://images.amazon.com/images/P/0553572997.01.THUMBZZZ.jpg
0312282990,The Amazing Adventures Of Kavalier & Clay,Michael Chabon,http://images.amazon.com/images/P/0312282990.01.THUMBZZZ.jpg
0345378482,The Andromeda Strain,MICHAEL CRICHTON,http://images.amazon.com/images/P/0345378482.01.THUMBZZZ.jpg
0064407667,"The Bad Beginning (A Series Of Unfortunate Events, Book 1)",Lemony Snicket,http://images.amazon.com/images/P/0064407667.01.THUMBZZZ.jpg
0446612545,The Beach House,James Patterson,http://images.amazon.com/images/P/0446612545.01.THUMBZZZ.jpg
0061097314,The Bean Trees,Barbara Kingsolver,http://images.amazon.com/images/P/0061097314.01.THUMBZZZ.jpg
0316602906,The Big Bad Wolf: A Novel,James Patterson,http://images.amazon.com/images/P/0316602906.01.THUMBZZZ.jpg
0385720955,The Blind Assassin,Margaret Atwood,http://images.amazon.com/images/P/0385720955.01.THUMBZZZ.jpg
0671042262,The Blue Nowhere : A Novel,Jeffery Deaver,http://images.amazon.com/images/P/0671042262.01.THUMBZZZ.jpg
0452282195,The Bluest Eye,Toni Morrison,http://images.amazon.com/images/P/0452282195.01.THUMBZZZ.jpg
0425147622,The Body Farm,Patricia Daniels Cornwell,http://images.amazon.com/images/P/0425147622.01.THUMBZZZ.jpg
0804114986,The Bonesetter'S Daughter,Amy Tan,http://images.amazon.com/images/P/0804114986.01.THUMBZZZ.jpg
0553275976,The Bonfire Of The Vanities,Tom Wolfe,http://images.amazon.com/images/P/0553275976.01.THUMBZZZ.jpg
0385265700,The Book Of Ruth (Oprah'S Book Club (Paperback)),Jane Hamilton,http://images.amazon.com/images/P/0385265700.01.THUMBZZZ.jpg
0553260111,The Bourne Identity,Robert Ludlum,http://images.amazon.com/images/P/0553260111.01.THUMBZZZ.jpg
0060096195,The Boy Next Door,Meggin Cabot,http://images.amazon.com/images/P/0060096195.01.THUMBZZZ.jpg
0440236673,The Brethren,John Grisham,http://images.amazon.com/images/P/0440236673.01.THUMBZZZ.jpg
044651652X,The Bridges Of Madison County,Robert James Waller,http://images.amazon.com/images/P/044651652X.01.THUMBZZZ.jpg
0316769487,The Catcher In The Rye,J.D. Salinger,http://images.amazon.com/images/P/0316769487.01.THUMBZZZ.jpg
044651862X,The Celestine Prophecy (Celestine Prophecy),James Redfield,http://images.amazon.com/images/P/044651862X.01.THUMBZZZ.jpg
0440220602,The Chamber,John Grisham,http://images.amazon.com/images/P/0440220602.01.THUMBZZZ.jpg
0345387651,The Cider House Rules,John Irving,http://images.amazon.com/images/P/0345387651.01.THUMBZZZ.jpg
0553250426,The Clan Of The Cave Bear (Earth'S Children (Paperback)),Jean M. Auel,http://images.amazon.com/images/P/0553250426.01.THUMBZZZ.jpg
0440213525,The Client,John Grisham,http://images.amazon.com/images/P/0440213525.01.THUMBZZZ.jpg
1573225789,The Color Of Water: A Black Man'S Tribute To His White Mother,James McBride,http://images.amazon.com/images/P/1573225789.01.THUMBZZZ.jpg
0671727796,The Color Purple,Alice Walker,http://images.amazon.com/images/P/0671727796.01.THUMBZZZ.jpg
0374129983,The Corrections,Jonathan Franzen,http://images.amazon.com/images/P/0374129983.01.THUMBZZZ.jpg
0312421273,The Corrections: A Novel,Jonathan Franzen,http://images.amazon.com/images/P/0312421273.01.THUMBZZZ.jpg
0385512104,The Curious Incident Of The Dog In The Night-Time (Today Show Book Club #13),Mark Haddon,http://images.amazon.com/images/P/0385512104.01.THUMBZZZ.jpg
1400032717,The Curious Incident Of The Dog In The Night-Time (Vintage Contemporaries),Mark Haddon,http://images.amazon.com/images/P/1400032717.01.THUMBZZZ.jpg
0385504209,The Da Vinci Code,Dan Brown,http://images.amazon.com/images/P/0385504209.01.THUMBZZZ.jpg
0451167317,The Dark Half,Stephen King,http://images.amazon.com/images/P/0451167317.01.THUMBZZZ.jpg
0670865796,The Deep End Of The Ocean (Oprah'S Book Club (Hardcover)),Jacquelyn Mitchard,http://images.amazon.com/images/P/0670865796.01.THUMBZZZ.jpg
038550926X,The Devil Wears Prada : A Novel,LAUREN WEISBERGER,http://images.amazon.com/images/P/038550926X.01.THUMBZZZ.jpg
0375412824,The Dive From Clausen'S Pier (Alex Awards),ANN PACKER,http://images.amazon.com/images/P/0375412824.01.THUMBZZZ.jpg
0375727132,The Dive From Clausen'S Pier : A Novel (Vintage Contemporaries (Paperback)),ANN PACKER,http://images.amazon.com/images/P/0375727132.01.THUMBZZZ.jpg
0060502258,The Divine Secrets Of The Ya-Ya Sisterhood: A Novel,Rebecca Wells,http://images.amazon.com/images/P/0060502258.01.THUMBZZZ.jpg
0345436911,The Dress Lodger (Ballantine Reader'S Circle),Sheri Holman,http://images.amazon.com/images/P/0345436911.01.THUMBZZZ.jpg
0679745203,The English Patient,Michael Ondaatje,http://images.amazon.com/images/P/0679745203.01.THUMBZZZ.jpg
0812511816,"The Eye Of The World (The Wheel Of Time, Book 1)",Robert Jordan,http://images.amazon.com/images/P/0812511816.01.THUMBZZZ.jpg
0142001805,The Eyre Affair: A Novel,Jasper Fforde,http://images.amazon.com/images/P/0142001805.01.THUMBZZZ.jpg
0345339703,"The Fellowship Of The Ring (The Lord Of The Rings, Part 1)",J.R.R. TOLKIEN,http://images.amazon.com/images/P/0345339703.01.THUMBZZZ.jpg
044021145X,The Firm,John Grisham,http://images.amazon.com/images/P/044021145X.01.THUMBZZZ.jpg
0786868716,The Five People You Meet In Heaven,Mitch Albom,http://images.amazon.com/images/P/0786868716.01.THUMBZZZ.jpg
1878424319,The Four Agreements: A Practical Guide To Personal Freedom,Don Miguel Ruiz,http://images.amazon.com/images/P/1878424319.01.THUMBZZZ.jpg
0671042858,The Girl Who Loved Tom Gordon,Stephen King,http://images.amazon.com/images/P/0671042858.01.THUMBZZZ.jpg
0684867621,The Girl Who Loved Tom Gordon : A Novel,Stephen King,http://images.amazon.com/images/P/0684867621.01.THUMBZZZ.jpg
067088300X,The Girls' Guide To Hunting And Fishing,Melissa Bank,http://images.amazon.com/images/P/067088300X.01.THUMBZZZ.jpg
0440219078,The Giver (21St Century Reference),LOIS LOWRY,http://images.amazon.com/images/P/0440219078.01.THUMBZZZ.jpg
0440221595,The Glass Lake,Maeve Binchy,http://images.amazon.com/images/P/0440221595.01.THUMBZZZ.jpg
0060977493,The God Of Small Things,Arundhati Roy,http://images.amazon.com/images/P/0060977493.01.THUMBZZZ.jpg
0345413350,"The Golden Compass (His Dark Materials, Book 1)",PHILIP PULLMAN,http://images.amazon.com/images/P/0345413350.01.THUMBZZZ.jpg
0684801523,The Great Gatsby,F. Scott Fitzgerald,http://images.amazon.com/images/P/0684801523.01.THUMBZZZ.jpg
0671041789,The Green Mile,Stephen King,http://images.amazon.com/images/P/0671041789.01.THUMBZZZ.jpg
0451160525,"The Gunslinger (The Dark Tower, Book 1)",Stephen King,http://images.amazon.com/images/P/0451160525.01.THUMBZZZ.jpg
0449212602,The Handmaid'S Tale,Margaret Atwood,http://images.amazon.com/images/P/0449212602.01.THUMBZZZ.jpg
038549081X,The Handmaid'S Tale : A Novel,Margaret Atwood,http://images.amazon.com/images/P/038549081X.01.THUMBZZZ.jpg
0345391802,The Hitchhiker'S Guide To The Galaxy,Douglas Adams,http://images.amazon.com/images/P/0345391802.01.THUMBZZZ.jpg
0345339681,The Hobbit : The Enchanting Prelude To The Lord Of The Rings,J.R.R. TOLKIEN,http://images.amazon.com/images/P/0345339681.01.THUMBZZZ.jpg
0446675059,The Honk And Holler Opening Soon,Billie Letts,http://images.amazon.com/images/P/0446675059.01.THUMBZZZ.jpg
0440222656,The Horse Whisperer,Nicholas Evans,http://images.amazon.com/images/P/0440222656.01.THUMBZZZ.jpg
0385479565,The Hot Zone,Richard Preston,http://images.amazon.com/images/P/0385479565.01.THUMBZZZ.jpg
0312243022,The Hours : A Novel,Michael Cunningham,http://images.amazon.com/images/P/0312243022.01.THUMBZZZ.jpg
0312305060,The Hours: A Novel,Michael Cunningham,http://images.amazon.com/images/P/0312305060.01.THUMBZZZ.jpg
0553273914,The House Of The Spirits,Isabel Allende,http://images.amazon.com/images/P/0553273914.01.THUMBZZZ.jpg
0679734775,The House On Mango Street (Vintage Contemporaries),SANDRA CISNEROS,http://images.amazon.com/images/P/0679734775.01.THUMBZZZ.jpg
080411109X,The Hundred Secret Senses,Amy Tan,http://images.amazon.com/images/P/080411109X.01.THUMBZZZ.jpg
0375760911,The Idiot Girls' Action Adventure Club,Laurie Notaro,http://images.amazon.com/images/P/0375760911.01.THUMBZZZ.jpg
0804106304,The Joy Luck Club,Amy Tan,http://images.amazon.com/images/P/0804106304.01.THUMBZZZ.jpg
0440241537,The King Of Torts,John Grisham,http://images.amazon.com/images/P/0440241537.01.THUMBZZZ.jpg
080410753X,The Kitchen God'S Wife,Amy Tan,http://images.amazon.com/images/P/080410753X.01.THUMBZZZ.jpg
0385510438,The Last Juror,John Grisham,http://images.amazon.com/images/P/0385510438.01.THUMBZZZ.jpg
0425180638,The Last Precinct,Patricia Cornwell,http://images.amazon.com/images/P/0425180638.01.THUMBZZZ.jpg
0316781266,The Last Time They Met : A Novel,Anita Shreve,http://images.amazon.com/images/P/0316781266.01.THUMBZZZ.jpg
0156528207,The Little Prince,Antoine de Saint-ExupÃ©ry,http://images.amazon.com/images/P/0156528207.01.THUMBZZZ.jpg
0440224624,The Loop,Nicholas Evans,http://images.amazon.com/images/P/0440224624.01.THUMBZZZ.jpg
1558745157,The Lost Boy: A Foster Child'S Search For The Love Of A Family,Dave Pelzer,http://images.amazon.com/images/P/1558745157.01.THUMBZZZ.jpg
034540288X,The Lost World,Michael Crichton,http://images.amazon.com/images/P/034540288X.01.THUMBZZZ.jpg
0316666343,The Lovely Bones: A Novel,Alice Sebold,http://images.amazon.com/images/P/0316666343.01.THUMBZZZ.jpg
0345350499,The Mists Of Avalon,MARION ZIMMER BRADLEY,http://images.amazon.com/images/P/0345350499.01.THUMBZZZ.jpg
0345369947,The Mummy Or Ramses The Damned,Anne Rice,http://images.amazon.com/images/P/0345369947.01.THUMBZZZ.jpg
0345413903,The Murder Book,Jonathan Kellerman,http://images.amazon.com/images/P/0345413903.01.THUMBZZZ.jpg
0312291639,The Nanny Diaries: A Novel,Emma McLaughlin,http://images.amazon.com/images/P/0312291639.01.THUMBZZZ.jpg
1400034779,The No. 1 Ladies' Detective Agency (Today Show Book Club #8),Alexander McCall Smith,http://images.amazon.com/images/P/1400034779.01.THUMBZZZ.jpg
0446605239,The Notebook,Nicholas Sparks,http://images.amazon.com/images/P/0446605239.01.THUMBZZZ.jpg
0743227441,The Other Boleyn Girl,Philippa Gregory,http://images.amazon.com/images/P/0743227441.01.THUMBZZZ.jpg
0440224764,The Partner,John Grisham,http://images.amazon.com/images/P/0440224764.01.THUMBZZZ.jpg
0440214041,The Pelican Brief,John Grisham,http://images.amazon.com/images/P/0440214041.01.THUMBZZZ.jpg
006101351X,The Perfect Storm : A True Story Of Men Against The Sea,Sebastian Junger,http://images.amazon.com/images/P/006101351X.01.THUMBZZZ.jpg
0671027344,The Perks Of Being A Wallflower,Stephen Chbosky,http://images.amazon.com/images/P/0671027344.01.THUMBZZZ.jpg
0394820371,The Phantom Tollbooth,Norton Juster,http://images.amazon.com/images/P/0394820371.01.THUMBZZZ.jpg
0451166892,The Pillars Of The Earth,Ken Follett,http://images.amazon.com/images/P/0451166892.01.THUMBZZZ.jpg
0316788228,The Pilot'S Wife,Anita Shreve,http://images.amazon.com/images/P/0316788228.01.THUMBZZZ.jpg
0316601950,The Pilot'S Wife : A Novel,Anita Shreve,http://images.amazon.com/images/P/0316601950.01.THUMBZZZ.jpg
0316789089,The Pilot'S Wife : A Novel Tag: Author Of The Weight Of Water (Oprah'S Book Club (Hardcover)),Anita Shreve,http://images.amazon.com/images/P/0316789089.01.THUMBZZZ.jpg
0060175400,The Poisonwood Bible,Barbara Kingsolver,http://images.amazon.com/images/P/0060175400.01.THUMBZZZ.jpg
0060930535,The Poisonwood Bible: A Novel,Barbara Kingsolver,http://images.amazon.com/images/P/0060930535.01.THUMBZZZ.jpg
0553268880,The Prince Of Tides,Pat Conroy,http://images.amazon.com/images/P/0553268880.01.THUMBZZZ.jpg
0345348036,The Princess Bride: S Morgenstern'S Classic Tale Of True Love And High Adventure,WILLIAM GOLDMAN,http://images.amazon.com/images/P/0345348036.01.THUMBZZZ.jpg
006099486X,"The Professor And The Madman: A Tale Of Murder, Insanity, And The Making Of The Oxford English Dictionary",Simon Winchester,http://images.amazon.com/images/P/006099486X.01.THUMBZZZ.jpg
0345351525,The Queen Of The Damned (Vampire Chronicles (Paperback)),Anne Rice,http://images.amazon.com/images/P/0345351525.01.THUMBZZZ.jpg
044022165X,The Rainmaker,John Grisham,http://images.amazon.com/images/P/044022165X.01.THUMBZZZ.jpg
0425162443,The Rapture Of Canaan,Sheri Reynolds,http://images.amazon.com/images/P/0425162443.01.THUMBZZZ.jpg
0375707972,The Reader,Bernhard Schlink,http://images.amazon.com/images/P/0375707972.01.THUMBZZZ.jpg
0312195516,The Red Tent (Bestselling Backlist),Anita Diamant,http://images.amazon.com/images/P/0312195516.01.THUMBZZZ.jpg
0446610399,The Rescue,Nicholas Sparks,http://images.amazon.com/images/P/0446610399.01.THUMBZZZ.jpg
0345339738,"The Return Of The King (The Lord Of The Rings, Part 3)",J.R.R. TOLKIEN,http://images.amazon.com/images/P/0345339738.01.THUMBZZZ.jpg
0440221471,The Runaway Jury,JOHN GRISHAM,http://images.amazon.com/images/P/0440221471.01.THUMBZZZ.jpg
0061097101,The Saving Graces: A Novel,Patricia Gaffney,http://images.amazon.com/images/P/0061097101.01.THUMBZZZ.jpg
0553582127,The Search,Iris Johansen,http://images.amazon.com/images/P/0553582127.01.THUMBZZZ.jpg
0670894605,The Secret Life Of Bees,Sue Monk Kidd,http://images.amazon.com/images/P/0670894605.01.THUMBZZZ.jpg
0609610597,"The Shelters Of Stone (Earth'S Children Series, No 5)",JEAN M. AUEL,http://images.amazon.com/images/P/0609610597.01.THUMBZZZ.jpg
0743225406,The Shipping News : A Novel,Annie Proulx,http://images.amazon.com/images/P/0743225406.01.THUMBZZZ.jpg
0446607711,The Simple Truth,David Baldacci,http://images.amazon.com/images/P/0446607711.01.THUMBZZZ.jpg
0440235162,The Smoke Jumper,Nicholas Evans,http://images.amazon.com/images/P/0440235162.01.THUMBZZZ.jpg
0449912558,The Sparrow,MARY DORIA RUSSELL,http://images.amazon.com/images/P/0449912558.01.THUMBZZZ.jpg
0451169530,The Stand: Complete And Uncut,Stephen King,http://images.amazon.com/images/P/0451169530.01.THUMBZZZ.jpg
014023313X,The Stone Diaries,Carol Shields,http://images.amazon.com/images/P/014023313X.01.THUMBZZZ.jpg
0440225701,The Street Lawyer,John Grisham,http://images.amazon.com/images/P/0440225701.01.THUMBZZZ.jpg
0671014196,The Summerhouse,Jude Deveraux,http://images.amazon.com/images/P/0671014196.01.THUMBZZZ.jpg
0440241073,The Summons,John Grisham,http://images.amazon.com/images/P/0440241073.01.THUMBZZZ.jpg
0609804138,The Sweet Potato Queens' Book Of Love,JILL CONNER BROWNE,http://images.amazon.com/images/P/0609804138.01.THUMBZZZ.jpg
034538475X,The Tale Of The Body Thief (Vampire Chronicles (Paperback)),Anne Rice,http://images.amazon.com/images/P/034538475X.01.THUMBZZZ.jpg
0345444884,The Talisman,STEPHEN KING,http://images.amazon.com/images/P/0345444884.01.THUMBZZZ.jpg
0140067477,The Tao Of Pooh,Benjamin Hoff,http://images.amazon.com/images/P/0140067477.01.THUMBZZZ.jpg
0440234743,The Testament,John Grisham,http://images.amazon.com/images/P/0440234743.01.THUMBZZZ.jpg
0380018179,The Thorn Birds,Colleen McCullough,http://images.amazon.com/images/P/0380018179.01.THUMBZZZ.jpg
0451156609,The Tommyknockers,Stephen King,http://images.amazon.com/images/P/0451156609.01.THUMBZZZ.jpg
0345339711,"The Two Towers (The Lord Of The Rings, Part 2)",J.R.R. TOLKIEN,http://images.amazon.com/images/P/0345339711.01.THUMBZZZ.jpg
0553250531,The Valley Of Horses,JEAN M. AUEL,http://images.amazon.com/images/P/0553250531.01.THUMBZZZ.jpg
0345313860,"The Vampire Lestat (Vampire Chronicles, Book Ii)",ANNE RICE,http://images.amazon.com/images/P/0345313860.01.THUMBZZZ.jpg
0515132187,The Villa,Nora Roberts,http://images.amazon.com/images/P/0515132187.01.THUMBZZZ.jpg
0452284449,The Virgin Blue,Tracy Chevalier,http://images.amazon.com/images/P/0452284449.01.THUMBZZZ.jpg
0446670251,The Virgin Suicides,Jeffrey Eugenides,http://images.amazon.com/images/P/0446670251.01.THUMBZZZ.jpg
0316780375,The Weight Of Water : A Novel Tag: Author Of Resistance And Strange Fits Of Passion,Anita Shreve,http://images.amazon.com/images/P/0316780375.01.THUMBZZZ.jpg
0446606324,The Winner,David Baldacci,http://images.amazon.com/images/P/0446606324.01.THUMBZZZ.jpg
0345384466,The Witching Hour (Lives Of The Mayfair Witches),ANNE RICE,http://images.amazon.com/images/P/0345384466.01.THUMBZZZ.jpg
0743411250,The Woman Next Door,Barbara Delinsky,http://images.amazon.com/images/P/0743411250.01.THUMBZZZ.jpg
034536676X,The World According To Garp,John Irving,http://images.amazon.com/images/P/034536676X.01.THUMBZZZ.jpg
0060916508,Their Eyes Were Watching God: A Novel,Zora Neale Hurston,http://images.amazon.com/images/P/0060916508.01.THUMBZZZ.jpg
0515135062,Three Fates,Nora Roberts,http://images.amazon.com/images/P/0515135062.01.THUMBZZZ.jpg
0385721420,Three Junes,JULIA GLASS,http://images.amazon.com/images/P/0385721420.01.THUMBZZZ.jpg
0312966091,Three To Get Deadly : A Stephanie Plum Novel (A Stephanie Plum Novel),Janet Evanovich,http://images.amazon.com/images/P/0312966091.01.THUMBZZZ.jpg
0679444815,Timeline,Michael Crichton,http://images.amazon.com/images/P/0679444815.01.THUMBZZZ.jpg
0684848783,Tis : A Memoir,Frank McCourt,http://images.amazon.com/images/P/0684848783.01.THUMBZZZ.jpg
0684865742,Tis: A Memoir,Frank McCourt,http://images.amazon.com/images/P/0684865742.01.THUMBZZZ.jpg
0446310786,To Kill A Mockingbird,Harper Lee,http://images.amazon.com/images/P/0446310786.01.THUMBZZZ.jpg
0312265867,To The Nines: A Stephanie Plum Novel,Janet Evanovich,http://images.amazon.com/images/P/0312265867.01.THUMBZZZ.jpg
0842329218,Tribulation Force: The Continuing Drama Of Those Left Behind (Left Behind No. 2),Tim LaHaye,http://images.amazon.com/images/P/0842329218.01.THUMBZZZ.jpg
076790592X,"Tuesdays With Morrie: An Old Man, A Young Man, And Life'S Greatest Lesson",Mitch Albom,http://images.amazon.com/images/P/076790592X.01.THUMBZZZ.jpg
0671001795,Two For The Dough,Janet Evanovich,http://images.amazon.com/images/P/0671001795.01.THUMBZZZ.jpg
0767900383,Under The Tuscan Sun,Frances Mayes,http://images.amazon.com/images/P/0767900383.01.THUMBZZZ.jpg
0425163407,Unnatural Exposure,Patricia Daniels Cornwell,http://images.amazon.com/images/P/0425163407.01.THUMBZZZ.jpg
0380730138,Vinegar Hill (Oprah'S Book Club (Paperback)),A. Manette Ansay,http://images.amazon.com/images/P/0380730138.01.THUMBZZZ.jpg
0446611212,Violets Are Blue,James Patterson,http://images.amazon.com/images/P/0446611212.01.THUMBZZZ.jpg
0312306326,Visions Of Sugar Plums,Janet Evanovich,http://images.amazon.com/images/P/0312306326.01.THUMBZZZ.jpg
0380002930,Watership Down,Richard Adams,http://images.amazon.com/images/P/0380002930.01.THUMBZZZ.jpg
0452282829,We Were The Mulvaneys,Joyce Carol Oates,http://images.amazon.com/images/P/0452282829.01.THUMBZZZ.jpg
080411868X,"Welcome To The World, Baby Girl!",Fannie Flagg,http://images.amazon.com/images/P/080411868X.01.THUMBZZZ.jpg
038079487X,What Looks Like Crazy On An Ordinary Day,Pearl Cleage,http://images.amazon.com/images/P/038079487X.01.THUMBZZZ.jpg
0894805770,What To Expect The First Year,Arlene Eisenberg,http://images.amazon.com/images/P/0894805770.01.THUMBZZZ.jpg
089480829X,What To Expect When You'Re Expecting (Revised Edition),Arlene Eisenberg,http://images.amazon.com/images/P/089480829X.01.THUMBZZZ.jpg
0446607657,When The Wind Blows,James Patterson,http://images.amazon.com/images/P/0446607657.01.THUMBZZZ.jpg
0446672211,Where The Heart Is (Oprah'S Book Club (Paperback)),Billie Letts,http://images.amazon.com/images/P/0446672211.01.THUMBZZZ.jpg
0553274295,Where The Red Fern Grows,Wilson Rawls,http://images.amazon.com/images/P/0553274295.01.THUMBZZZ.jpg
0345443284,While I Was Gone,Sue Miller,http://images.amazon.com/images/P/0345443284.01.THUMBZZZ.jpg
0316569321,White Oleander : A Novel,Janet Fitch,http://images.amazon.com/images/P/0316569321.01.THUMBZZZ.jpg
0316284955,White Oleander : A Novel (Oprah'S Book Club),Janet Fitch,http://images.amazon.com/images/P/0316284955.01.THUMBZZZ.jpg
0375703861,White Teeth: A Novel,Zadie Smith,http://images.amazon.com/images/P/0375703861.01.THUMBZZZ.jpg
0399144463,Who Moved My Cheese? An Amazing Way To Deal With Change In Your Work And In Your Life,Spencer Johnson,http://images.amazon.com/images/P/0399144463.01.THUMBZZZ.jpg
0060987103,Wicked: The Life And Times Of The Wicked Witch Of The West,Gregory Maguire,http://images.amazon.com/images/P/0060987103.01.THUMBZZZ.jpg
0671693816,Wifey,Judy Blume,http://images.amazon.com/images/P/0671693816.01.THUMBZZZ.jpg
0971880107,Wild Animus,Rich Shapero,http://images.amazon.com/images/P/0971880107.01.THUMBZZZ.jpg
0446610100,Wish You Well,David Baldacci,http://images.amazon.com/images/P/0446610100.01.THUMBZZZ.jpg
0425143325,Without Remorse,Tom Clancy,http://images.amazon.com/images/P/0425143325.01.THUMBZZZ.jpg
0142001430,Year Of Wonders,Geraldine Brooks,http://images.amazon.com/images/P/0142001430.01.THUMBZZZ.jpg
0553277472,Zen And The Art Of Motorcycle Maintenance: An Inquiry Into Values,ROBERT PIRSIG,http://images.amazon.com/images/P/0553277472.01.THUMBZZZ.jpg
0449003787,"\O\"" Is For Outlaw""",SUE GRAFTON,http://images.amazon.com/images/P/0449003787.01.THUMBZZZ.jpg
