isbn,title,author,image_url
0385504209,The Da Vinci Code,Dan Brown,http://images.amazon.com/images/P/0385504209.01.THUMBZZZ.jpg
0670894605,The Secret Life Of Bees,Sue Monk Kidd,http://images.amazon.com/images/P/0670894605.01.THUMBZZZ.jpg
044023722X,A Painted House,John Grisham,http://images.amazon.com/images/P/044023722X.01.THUMBZZZ.jpg
0452282152,Girl With A Pearl Earring,Tracy Chevalier,http://images.amazon.com/images/P/0452282152.01.THUMBZZZ.jpg
067976402X,Snow Falling On Cedars,David Guterson,http://images.amazon.com/images/P/067976402X.01.THUMBZZZ.jpg
0316769487,The Catcher In The Rye,J.D. Salinger,http://images.amazon.com/images/P/0316769487.01.THUMBZZZ.jpg
0786868716,The Five People You Meet In Heaven,Mitch Albom,http://images.amazon.com/images/P/0786868716.01.THUMBZZZ.jpg
0743418174,Good In Bed,Jennifer Weiner,http://images.amazon.com/images/P/0743418174.01.THUMBZZZ.jpg
0345337662,Interview With The Vampire,Anne Rice,http://images.amazon.com/images/P/0345337662.01.THUMBZZZ.jpg
0375727345,House Of Sand And Fog,Andre Dubus III,http://images.amazon.com/images/P/0375727345.01.THUMBZZZ.jpg
0156027321,Life Of Pi,Yann Martel,http://images.amazon.com/images/P/0156027321.01.THUMBZZZ.jpg
0446310786,To Kill A Mockingbird,Harper Lee,http://images.amazon.com/images/P/0446310786.01.THUMBZZZ.jpg
0440226430,Summer Sisters,Judy Blume,http://images.amazon.com/images/P/0440226430.01.THUMBZZZ.jpg
044021145X,The Firm,John Grisham,http://images.amazon.com/images/P/044021145X.01.THUMBZZZ.jpg
0446605239,The Notebook,Nicholas Sparks,http://images.amazon.com/images/P/0446605239.01.THUMBZZZ.jpg
0345370775,Jurassic Park,Michael Crichton,http://images.amazon.com/images/P/0345370775.01.THUMBZZZ.jpg
0440241073,The Summons,John Grisham,http://images.amazon.com/images/P/0440241073.01.THUMBZZZ.jpg
0679444815,Timeline,Michael Crichton,http://images.amazon.com/images/P/0679444815.01.THUMBZZZ.jpg
0804106304,The Joy Luck Club,Amy Tan,http://images.amazon.com/images/P/0804106304.01.THUMBZZZ.jpg
0440211727,A Time To Kill,JOHN GRISHAM,http://images.amazon.com/images/P/0440211727.01.THUMBZZZ.jpg
0345361792,A Prayer For Owen Meany,John Irving,http://images.amazon.com/images/P/0345361792.01.THUMBZZZ.jpg
0440214041,The Pelican Brief,John Grisham,http://images.amazon.com/images/P/0440214041.01.THUMBZZZ.jpg
0440234743,The Testament,John Grisham,http://images.amazon.com/images/P/0440234743.01.THUMBZZZ.jpg
0440206154,Red Dragon,Thomas Harris,http://images.amazon.com/images/P/0440206154.01.THUMBZZZ.jpg
067088300X,The Girls' Guide To Hunting And Fishing,Melissa Bank,http://images.amazon.com/images/P/067088300X.01.THUMBZZZ.jpg
0345342968,Fahrenheit 451,RAY BRADBURY,http://images.amazon.com/images/P/0345342968.01.THUMBZZZ.jpg
0316777722,Me Talk Pretty One Day,David Sedaris,http://images.amazon.com/images/P/0316777722.01.THUMBZZZ.jpg
0060987103,Wicked: The Life And Times Of The Wicked Witch Of The West,Gregory Maguire,http://images.amazon.com/images/P/0060987103.01.THUMBZZZ.jpg
044651652X,The Bridges Of Madison County,Robert James Waller,http://images.amazon.com/images/P/044651652X.01.THUMBZZZ.jpg
0440221471,The Runaway Jury,JOHN GRISHAM,http://images.amazon.com/images/P/0440221471.01.THUMBZZZ.jpg
0380789035,American Gods,Neil Gaiman,http://images.amazon.com/images/P/0380789035.01.THUMBZZZ.jpg
0440236673,The Brethren,John Grisham,http://images.amazon.com/images/P/0440236673.01.THUMBZZZ.jpg
0440220602,The Chamber,John Grisham,http://images.amazon.com/images/P/0440220602.01.THUMBZZZ.jpg
0375726403,Empire Falls,Richard Russo,http://images.amazon.com/images/P/0375726403.01.THUMBZZZ.jpg
0440213525,The Client,John Grisham,http://images.amazon.com/images/P/0440213525.01.THUMBZZZ.jpg
0375725784,A Heartbreaking Work Of Staggering Genius,Dave Eggers,http://images.amazon.com/images/P/0375725784.01.THUMBZZZ.jpg
0440224764,The Partner,John Grisham,http://images.amazon.com/images/P/0440224764.01.THUMBZZZ.jpg
0440222656,The Horse Whisperer,Nicholas Evans,http://images.amazon.com/images/P/0440222656.01.THUMBZZZ.jpg
0452282829,We Were The Mulvaneys,Joyce Carol Oates,http://images.amazon.com/images/P/0452282829.01.THUMBZZZ.jpg
0345443284,While I Was Gone,Sue Miller,http://images.amazon.com/images/P/0345443284.01.THUMBZZZ.jpg
044022165X,The Rainmaker,John Grisham,http://images.amazon.com/images/P/044022165X.01.THUMBZZZ.jpg
0345353145,Sphere,MICHAEL CRICHTON,http://images.amazon.com/images/P/0345353145.01.THUMBZZZ.jpg
0805063897,Nickel And Dimed: On (Not) Getting By In America,Barbara Ehrenreich,http://images.amazon.com/images/P/0805063897.01.THUMBZZZ.jpg
0440225701,The Street Lawyer,John Grisham,http://images.amazon.com/images/P/0440225701.01.THUMBZZZ.jpg
0446606812,Message In A Bottle,Nicholas Sparks,http://images.amazon.com/images/P/0446606812.01.THUMBZZZ.jpg
0385486804,Into The Wild,Jon Krakauer,http://images.amazon.com/images/P/0385486804.01.THUMBZZZ.jpg
0142000205,Icy Sparks,Gwyn Hyman Rubio,http://images.amazon.com/images/P/0142000205.01.THUMBZZZ.jpg
0380789019,Neverwhere,Neil Gaiman,http://images.amazon.com/images/P/0380789019.01.THUMBZZZ.jpg
068484477X,Stones From The River,Ursula Hegi,http://images.amazon.com/images/P/068484477X.01.THUMBZZZ.jpg
0446608955,A Walk To Remember,Nicholas Sparks,http://images.amazon.com/images/P/0446608955.01.THUMBZZZ.jpg
0385505833,Skipping Christmas,JOHN GRISHAM,http://images.amazon.com/images/P/0385505833.01.THUMBZZZ.jpg
0553572997,The Alienist,Caleb Carr,http://images.amazon.com/images/P/0553572997.01.THUMBZZZ.jpg
